"dataset","representation","method","k","run_id","fit_seed","silhouette_seed","n_used","p_used","nstart","iter_max","algorithm","silhouette_sample_n","silhouette","davies_bouldin","calinski_harabasz","adjusted_rand_index","normalized_mutual_information","clustering_accuracy","purity","total_withinss","iterations","ifault","runtime_sec"
"housing_years","original","kmeans",2,1,40092918,50092918,27,7,30,100,"Hartigan-Wong",27,0.656544353159961,0.444667378023024,95.2243815479214,NA,NA,NA,NA,37.8459006519104,1,0,0.00999999999999091
"housing_years","sparsified","kmeans",2,1,40092918,50092918,27,28,30,100,"Hartigan-Wong",27,0.396958974548812,0.74605184991402,11.6175797982999,NA,NA,NA,NA,497.029025409402,1,0,0
"housing_years","original","kmeans",2,2,40092919,50092919,27,7,30,100,"Hartigan-Wong",27,0.656544353159961,0.444667378023024,95.2243815479214,NA,NA,NA,NA,37.8459006519104,1,0,0.0199999999999818
"housing_years","sparsified","kmeans",2,2,40092919,50092919,27,28,30,100,"Hartigan-Wong",27,0.396958974548812,0.74605184991402,11.6175797982999,NA,NA,NA,NA,497.029025409402,1,0,0.0199999999999818
"housing_years","original","kmeans",2,3,40092920,50092920,27,7,30,100,"Hartigan-Wong",27,0.656544353159961,0.444667378023024,95.2243815479214,NA,NA,NA,NA,37.8459006519104,1,0,0
"housing_years","sparsified","kmeans",2,3,40092920,50092920,27,28,30,100,"Hartigan-Wong",27,0.396958974548812,0.74605184991402,11.6175797982999,NA,NA,NA,NA,497.029025409402,1,0,0
"housing_years","original","kmeans",2,4,40092921,50092921,27,7,30,100,"Hartigan-Wong",27,0.656544353159961,0.444667378023024,95.2243815479214,NA,NA,NA,NA,37.8459006519104,1,0,0
"housing_years","sparsified","kmeans",2,4,40092921,50092921,27,28,30,100,"Hartigan-Wong",27,0.396958974548812,0.74605184991402,11.6175797982999,NA,NA,NA,NA,497.029025409402,1,0,0.00999999999999091
"housing_years","original","kmeans",2,5,40092922,50092922,27,7,30,100,"Hartigan-Wong",27,0.656544353159961,0.444667378023024,95.2243815479214,NA,NA,NA,NA,37.8459006519104,1,0,0
"housing_years","sparsified","kmeans",2,5,40092922,50092922,27,28,30,100,"Hartigan-Wong",27,0.396958974548812,0.74605184991402,11.6175797982999,NA,NA,NA,NA,497.029025409402,1,0,0.0199999999999818
"housing_years","original","kmeans",2,6,40092923,50092923,27,7,30,100,"Hartigan-Wong",27,0.656544353159961,0.444667378023024,95.2243815479214,NA,NA,NA,NA,37.8459006519104,1,0,0
"housing_years","sparsified","kmeans",2,6,40092923,50092923,27,28,30,100,"Hartigan-Wong",27,0.396958974548812,0.74605184991402,11.6175797982999,NA,NA,NA,NA,497.029025409402,1,0,0
"housing_years","original","kmeans",2,7,40092924,50092924,27,7,30,100,"Hartigan-Wong",27,0.656544353159961,0.444667378023024,95.2243815479214,NA,NA,NA,NA,37.8459006519104,1,0,0.00999999999999091
"housing_years","sparsified","kmeans",2,7,40092924,50092924,27,28,30,100,"Hartigan-Wong",27,0.396958974548812,0.74605184991402,11.6175797982999,NA,NA,NA,NA,497.029025409402,1,0,0.0100000000001046
"housing_years","original","kmeans",2,8,40092925,50092925,27,7,30,100,"Hartigan-Wong",27,0.656544353159961,0.444667378023024,95.2243815479214,NA,NA,NA,NA,37.8459006519104,1,0,0
"housing_years","sparsified","kmeans",2,8,40092925,50092925,27,28,30,100,"Hartigan-Wong",27,0.396958974548812,0.74605184991402,11.6175797982999,NA,NA,NA,NA,497.029025409402,1,0,0
"housing_years","original","kmeans",2,9,40092926,50092926,27,7,30,100,"Hartigan-Wong",27,0.656544353159961,0.444667378023024,95.2243815479214,NA,NA,NA,NA,37.8459006519104,1,0,0
"housing_years","sparsified","kmeans",2,9,40092926,50092926,27,28,30,100,"Hartigan-Wong",27,0.396958974548812,0.74605184991402,11.6175797982999,NA,NA,NA,NA,497.029025409402,1,0,0
"housing_years","original","kmeans",2,10,40092927,50092927,27,7,30,100,"Hartigan-Wong",27,0.656544353159961,0.444667378023024,95.2243815479214,NA,NA,NA,NA,37.8459006519104,1,0,0.0200000000000955
"housing_years","sparsified","kmeans",2,10,40092927,50092927,27,28,30,100,"Hartigan-Wong",27,0.396958974548812,0.74605184991402,11.6175797982999,NA,NA,NA,NA,497.029025409402,1,0,0
"housing_years","original","kmeans",2,11,40092928,50092928,27,7,30,100,"Hartigan-Wong",27,0.656544353159961,0.444667378023024,95.2243815479214,NA,NA,NA,NA,37.8459006519104,1,0,0
"housing_years","sparsified","kmeans",2,11,40092928,50092928,27,28,30,100,"Hartigan-Wong",27,0.396958974548812,0.74605184991402,11.6175797982999,NA,NA,NA,NA,497.029025409402,1,0,0
"housing_years","original","kmeans",2,12,40092929,50092929,27,7,30,100,"Hartigan-Wong",27,0.656544353159961,0.444667378023024,95.2243815479214,NA,NA,NA,NA,37.8459006519104,1,0,0
"housing_years","sparsified","kmeans",2,12,40092929,50092929,27,28,30,100,"Hartigan-Wong",27,0.396958974548812,0.74605184991402,11.6175797982999,NA,NA,NA,NA,497.029025409402,1,0,0
"housing_years","original","kmeans",2,13,40092930,50092930,27,7,30,100,"Hartigan-Wong",27,0.656544353159961,0.444667378023024,95.2243815479214,NA,NA,NA,NA,37.8459006519104,1,0,0
"housing_years","sparsified","kmeans",2,13,40092930,50092930,27,28,30,100,"Hartigan-Wong",27,0.396958974548812,0.74605184991402,11.6175797982999,NA,NA,NA,NA,497.029025409402,1,0,0
"housing_years","original","kmeans",2,14,40092931,50092931,27,7,30,100,"Hartigan-Wong",27,0.656544353159961,0.444667378023024,95.2243815479214,NA,NA,NA,NA,37.8459006519104,1,0,0.00999999999999091
"housing_years","sparsified","kmeans",2,14,40092931,50092931,27,28,30,100,"Hartigan-Wong",27,0.396958974548812,0.74605184991402,11.6175797982999,NA,NA,NA,NA,497.029025409402,1,0,0
"housing_years","original","kmeans",2,15,40092932,50092932,27,7,30,100,"Hartigan-Wong",27,0.656544353159961,0.444667378023024,95.2243815479214,NA,NA,NA,NA,37.8459006519104,1,0,0.0100000000001046
"housing_years","sparsified","kmeans",2,15,40092932,50092932,27,28,30,100,"Hartigan-Wong",27,0.396958974548812,0.74605184991402,11.6175797982999,NA,NA,NA,NA,497.029025409402,1,0,0
"housing_years","original","kmeans",2,16,40092933,50092933,27,7,30,100,"Hartigan-Wong",27,0.656544353159961,0.444667378023024,95.2243815479214,NA,NA,NA,NA,37.8459006519104,1,0,0
"housing_years","sparsified","kmeans",2,16,40092933,50092933,27,28,30,100,"Hartigan-Wong",27,0.396958974548812,0.74605184991402,11.6175797982999,NA,NA,NA,NA,497.029025409402,1,0,0
"housing_years","original","kmeans",2,17,40092934,50092934,27,7,30,100,"Hartigan-Wong",27,0.656544353159961,0.444667378023024,95.2243815479214,NA,NA,NA,NA,37.8459006519104,1,0,0.0199999999999818
"housing_years","sparsified","kmeans",2,17,40092934,50092934,27,28,30,100,"Hartigan-Wong",27,0.396958974548812,0.74605184991402,11.6175797982999,NA,NA,NA,NA,497.029025409402,1,0,0
"housing_years","original","kmeans",2,18,40092935,50092935,27,7,30,100,"Hartigan-Wong",27,0.656544353159961,0.444667378023024,95.2243815479214,NA,NA,NA,NA,37.8459006519104,1,0,0
"housing_years","sparsified","kmeans",2,18,40092935,50092935,27,28,30,100,"Hartigan-Wong",27,0.396958974548812,0.74605184991402,11.6175797982999,NA,NA,NA,NA,497.029025409402,1,0,0
"housing_years","original","kmeans",2,19,40092936,50092936,27,7,30,100,"Hartigan-Wong",27,0.656544353159961,0.444667378023024,95.2243815479214,NA,NA,NA,NA,37.8459006519104,1,0,0
"housing_years","sparsified","kmeans",2,19,40092936,50092936,27,28,30,100,"Hartigan-Wong",27,0.396958974548812,0.74605184991402,11.6175797982999,NA,NA,NA,NA,497.029025409402,1,0,0
"housing_years","original","kmeans",2,20,40092937,50092937,27,7,30,100,"Hartigan-Wong",27,0.656544353159961,0.444667378023024,95.2243815479214,NA,NA,NA,NA,37.8459006519104,1,0,0
"housing_years","sparsified","kmeans",2,20,40092937,50092937,27,28,30,100,"Hartigan-Wong",27,0.396958974548812,0.74605184991402,11.6175797982999,NA,NA,NA,NA,497.029025409402,1,0,0.00999999999999091
"housing_years","original","kmeans",2,21,40092938,50092938,27,7,30,100,"Hartigan-Wong",27,0.656544353159961,0.444667378023024,95.2243815479214,NA,NA,NA,NA,37.8459006519104,1,0,0
"housing_years","sparsified","kmeans",2,21,40092938,50092938,27,28,30,100,"Hartigan-Wong",27,0.396958974548812,0.74605184991402,11.6175797982999,NA,NA,NA,NA,497.029025409402,1,0,0
"housing_years","original","kmeans",2,22,40092939,50092939,27,7,30,100,"Hartigan-Wong",27,0.656544353159961,0.444667378023024,95.2243815479214,NA,NA,NA,NA,37.8459006519104,1,0,0
"housing_years","sparsified","kmeans",2,22,40092939,50092939,27,28,30,100,"Hartigan-Wong",27,0.396958974548812,0.74605184991402,11.6175797982999,NA,NA,NA,NA,497.029025409402,1,0,0
"housing_years","original","kmeans",2,23,40092940,50092940,27,7,30,100,"Hartigan-Wong",27,0.656544353159961,0.444667378023024,95.2243815479214,NA,NA,NA,NA,37.8459006519104,1,0,0
"housing_years","sparsified","kmeans",2,23,40092940,50092940,27,28,30,100,"Hartigan-Wong",27,0.396958974548812,0.74605184991402,11.6175797982999,NA,NA,NA,NA,497.029025409402,1,0,0
"housing_years","original","kmeans",2,24,40092941,50092941,27,7,30,100,"Hartigan-Wong",27,0.656544353159961,0.444667378023024,95.2243815479214,NA,NA,NA,NA,37.8459006519104,1,0,0
"housing_years","sparsified","kmeans",2,24,40092941,50092941,27,28,30,100,"Hartigan-Wong",27,0.396958974548812,0.74605184991402,11.6175797982999,NA,NA,NA,NA,497.029025409402,1,0,0.0199999999999818
"housing_years","original","kmeans",2,25,40092942,50092942,27,7,30,100,"Hartigan-Wong",27,0.656544353159961,0.444667378023024,95.2243815479214,NA,NA,NA,NA,37.8459006519104,1,0,0
"housing_years","sparsified","kmeans",2,25,40092942,50092942,27,28,30,100,"Hartigan-Wong",27,0.396958974548812,0.74605184991402,11.6175797982999,NA,NA,NA,NA,497.029025409402,1,0,0.00999999999999091
"housing_years","original","kmeans",2,26,40092943,50092943,27,7,30,100,"Hartigan-Wong",27,0.656544353159961,0.444667378023024,95.2243815479214,NA,NA,NA,NA,37.8459006519104,1,0,0
"housing_years","sparsified","kmeans",2,26,40092943,50092943,27,28,30,100,"Hartigan-Wong",27,0.396958974548812,0.74605184991402,11.6175797982999,NA,NA,NA,NA,497.029025409402,1,0,0.0199999999999818
"housing_years","original","kmeans",2,27,40092944,50092944,27,7,30,100,"Hartigan-Wong",27,0.656544353159961,0.444667378023024,95.2243815479214,NA,NA,NA,NA,37.8459006519104,1,0,0
"housing_years","sparsified","kmeans",2,27,40092944,50092944,27,28,30,100,"Hartigan-Wong",27,0.396958974548812,0.74605184991402,11.6175797982999,NA,NA,NA,NA,497.029025409402,1,0,0
"housing_years","original","kmeans",2,28,40092945,50092945,27,7,30,100,"Hartigan-Wong",27,0.656544353159961,0.444667378023024,95.2243815479214,NA,NA,NA,NA,37.8459006519104,1,0,0
"housing_years","sparsified","kmeans",2,28,40092945,50092945,27,28,30,100,"Hartigan-Wong",27,0.396958974548812,0.74605184991402,11.6175797982999,NA,NA,NA,NA,497.029025409402,1,0,0
"housing_years","original","kmeans",2,29,40092946,50092946,27,7,30,100,"Hartigan-Wong",27,0.656544353159961,0.444667378023024,95.2243815479214,NA,NA,NA,NA,37.8459006519104,1,0,0.0100000000001046
"housing_years","sparsified","kmeans",2,29,40092946,50092946,27,28,30,100,"Hartigan-Wong",27,0.396958974548812,0.74605184991402,11.6175797982999,NA,NA,NA,NA,497.029025409402,1,0,0
"housing_years","original","kmeans",2,30,40092947,50092947,27,7,30,100,"Hartigan-Wong",27,0.656544353159961,0.444667378023024,95.2243815479214,NA,NA,NA,NA,37.8459006519104,1,0,0
"housing_years","sparsified","kmeans",2,30,40092947,50092947,27,28,30,100,"Hartigan-Wong",27,0.396958974548812,0.74605184991402,11.6175797982999,NA,NA,NA,NA,497.029025409402,1,0,0
"housing_years","original","kmeans",3,1,40093018,50093018,27,7,30,100,"Hartigan-Wong",27,0.601444727389597,0.492138001901209,123.505133851165,NA,NA,NA,NA,16.1174705188576,2,0,0
"housing_years","sparsified","kmeans",3,1,40093018,50093018,27,28,30,100,"Hartigan-Wong",27,0.565933695409733,0.764731602176877,18.2536910471231,NA,NA,NA,NA,288.758154712191,2,0,0
"housing_years","original","kmeans",3,2,40093019,50093019,27,7,30,100,"Hartigan-Wong",27,0.601444727389597,0.492138001901209,123.505133851165,NA,NA,NA,NA,16.1174705188576,2,0,0
"housing_years","sparsified","kmeans",3,2,40093019,50093019,27,28,30,100,"Hartigan-Wong",27,0.565933695409733,0.764731602176877,18.2536910471231,NA,NA,NA,NA,288.758154712191,1,0,0
"housing_years","original","kmeans",3,3,40093020,50093020,27,7,30,100,"Hartigan-Wong",27,0.601444727389597,0.492138001901209,123.505133851165,NA,NA,NA,NA,16.1174705188576,2,0,0
"housing_years","sparsified","kmeans",3,3,40093020,50093020,27,28,30,100,"Hartigan-Wong",27,0.565933695409733,0.764731602176877,18.2536910471231,NA,NA,NA,NA,288.758154712191,1,0,0
"housing_years","original","kmeans",3,4,40093021,50093021,27,7,30,100,"Hartigan-Wong",27,0.601444727389597,0.492138001901209,123.505133851165,NA,NA,NA,NA,16.1174705188576,2,0,0
"housing_years","sparsified","kmeans",3,4,40093021,50093021,27,28,30,100,"Hartigan-Wong",27,0.565933695409733,0.764731602176877,18.2536910471231,NA,NA,NA,NA,288.758154712191,1,0,0
"housing_years","original","kmeans",3,5,40093022,50093022,27,7,30,100,"Hartigan-Wong",27,0.601444727389597,0.492138001901209,123.505133851165,NA,NA,NA,NA,16.1174705188576,2,0,0
"housing_years","sparsified","kmeans",3,5,40093022,50093022,27,28,30,100,"Hartigan-Wong",27,0.565933695409733,0.764731602176877,18.2536910471231,NA,NA,NA,NA,288.758154712191,1,0,0.0199999999999818
"housing_years","original","kmeans",3,6,40093023,50093023,27,7,30,100,"Hartigan-Wong",27,0.601444727389597,0.492138001901209,123.505133851165,NA,NA,NA,NA,16.1174705188576,2,0,0.0199999999999818
"housing_years","sparsified","kmeans",3,6,40093023,50093023,27,28,30,100,"Hartigan-Wong",27,0.565933695409733,0.764731602176877,18.2536910471231,NA,NA,NA,NA,288.758154712191,1,0,0.00999999999999091
"housing_years","original","kmeans",3,7,40093024,50093024,27,7,30,100,"Hartigan-Wong",27,0.601444727389597,0.492138001901209,123.505133851165,NA,NA,NA,NA,16.1174705188576,2,0,0
"housing_years","sparsified","kmeans",3,7,40093024,50093024,27,28,30,100,"Hartigan-Wong",27,0.565933695409733,0.764731602176877,18.2536910471231,NA,NA,NA,NA,288.758154712191,2,0,0
"housing_years","original","kmeans",3,8,40093025,50093025,27,7,30,100,"Hartigan-Wong",27,0.601444727389597,0.492138001901209,123.505133851165,NA,NA,NA,NA,16.1174705188576,2,0,0
"housing_years","sparsified","kmeans",3,8,40093025,50093025,27,28,30,100,"Hartigan-Wong",27,0.565933695409733,0.764731602176877,18.2536910471231,NA,NA,NA,NA,288.758154712191,1,0,0
"housing_years","original","kmeans",3,9,40093026,50093026,27,7,30,100,"Hartigan-Wong",27,0.601444727389597,0.492138001901209,123.505133851165,NA,NA,NA,NA,16.1174705188576,2,0,0
"housing_years","sparsified","kmeans",3,9,40093026,50093026,27,28,30,100,"Hartigan-Wong",27,0.565933695409733,0.764731602176877,18.2536910471231,NA,NA,NA,NA,288.758154712191,1,0,0
"housing_years","original","kmeans",3,10,40093027,50093027,27,7,30,100,"Hartigan-Wong",27,0.601444727389597,0.492138001901209,123.505133851165,NA,NA,NA,NA,16.1174705188576,2,0,0.0199999999999818
"housing_years","sparsified","kmeans",3,10,40093027,50093027,27,28,30,100,"Hartigan-Wong",27,0.565933695409733,0.764731602176877,18.2536910471231,NA,NA,NA,NA,288.758154712191,1,0,0
"housing_years","original","kmeans",3,11,40093028,50093028,27,7,30,100,"Hartigan-Wong",27,0.601444727389597,0.492138001901209,123.505133851165,NA,NA,NA,NA,16.1174705188576,2,0,0.0199999999999818
"housing_years","sparsified","kmeans",3,11,40093028,50093028,27,28,30,100,"Hartigan-Wong",27,0.565933695409733,0.764731602176877,18.2536910471231,NA,NA,NA,NA,288.758154712191,2,0,0
"housing_years","original","kmeans",3,12,40093029,50093029,27,7,30,100,"Hartigan-Wong",27,0.601444727389597,0.492138001901209,123.505133851165,NA,NA,NA,NA,16.1174705188576,2,0,0
"housing_years","sparsified","kmeans",3,12,40093029,50093029,27,28,30,100,"Hartigan-Wong",27,0.565933695409733,0.764731602176877,18.2536910471231,NA,NA,NA,NA,288.758154712191,2,0,0
"housing_years","original","kmeans",3,13,40093030,50093030,27,7,30,100,"Hartigan-Wong",27,0.601444727389597,0.492138001901209,123.505133851165,NA,NA,NA,NA,16.1174705188576,2,0,0
"housing_years","sparsified","kmeans",3,13,40093030,50093030,27,28,30,100,"Hartigan-Wong",27,0.565933695409733,0.764731602176877,18.2536910471231,NA,NA,NA,NA,288.758154712191,2,0,0
"housing_years","original","kmeans",3,14,40093031,50093031,27,7,30,100,"Hartigan-Wong",27,0.601444727389597,0.492138001901209,123.505133851165,NA,NA,NA,NA,16.1174705188576,2,0,0
"housing_years","sparsified","kmeans",3,14,40093031,50093031,27,28,30,100,"Hartigan-Wong",27,0.565933695409733,0.764731602176877,18.2536910471231,NA,NA,NA,NA,288.758154712191,1,0,0.00999999999999091
"housing_years","original","kmeans",3,15,40093032,50093032,27,7,30,100,"Hartigan-Wong",27,0.601444727389597,0.492138001901209,123.505133851165,NA,NA,NA,NA,16.1174705188576,3,0,0
"housing_years","sparsified","kmeans",3,15,40093032,50093032,27,28,30,100,"Hartigan-Wong",27,0.565933695409733,0.764731602176877,18.2536910471231,NA,NA,NA,NA,288.758154712191,1,0,0
"housing_years","original","kmeans",3,16,40093033,50093033,27,7,30,100,"Hartigan-Wong",27,0.601444727389597,0.492138001901209,123.505133851165,NA,NA,NA,NA,16.1174705188576,2,0,0
"housing_years","sparsified","kmeans",3,16,40093033,50093033,27,28,30,100,"Hartigan-Wong",27,0.565933695409733,0.764731602176877,18.2536910471231,NA,NA,NA,NA,288.758154712191,1,0,0
"housing_years","original","kmeans",3,17,40093034,50093034,27,7,30,100,"Hartigan-Wong",27,0.601444727389597,0.492138001901209,123.505133851165,NA,NA,NA,NA,16.1174705188576,2,0,0
"housing_years","sparsified","kmeans",3,17,40093034,50093034,27,28,30,100,"Hartigan-Wong",27,0.565933695409733,0.764731602176877,18.2536910471231,NA,NA,NA,NA,288.758154712191,2,0,0
"housing_years","original","kmeans",3,18,40093035,50093035,27,7,30,100,"Hartigan-Wong",27,0.601444727389597,0.492138001901209,123.505133851165,NA,NA,NA,NA,16.1174705188576,2,0,0
"housing_years","sparsified","kmeans",3,18,40093035,50093035,27,28,30,100,"Hartigan-Wong",27,0.565933695409733,0.764731602176877,18.2536910471231,NA,NA,NA,NA,288.758154712191,1,0,0
"housing_years","original","kmeans",3,19,40093036,50093036,27,7,30,100,"Hartigan-Wong",27,0.601444727389597,0.492138001901209,123.505133851165,NA,NA,NA,NA,16.1174705188576,2,0,0
"housing_years","sparsified","kmeans",3,19,40093036,50093036,27,28,30,100,"Hartigan-Wong",27,0.565933695409733,0.764731602176877,18.2536910471231,NA,NA,NA,NA,288.758154712191,1,0,0
"housing_years","original","kmeans",3,20,40093037,50093037,27,7,30,100,"Hartigan-Wong",27,0.601444727389597,0.492138001901209,123.505133851165,NA,NA,NA,NA,16.1174705188576,3,0,0
"housing_years","sparsified","kmeans",3,20,40093037,50093037,27,28,30,100,"Hartigan-Wong",27,0.565933695409733,0.764731602176877,18.2536910471231,NA,NA,NA,NA,288.758154712191,2,0,0.0199999999999818
"housing_years","original","kmeans",3,21,40093038,50093038,27,7,30,100,"Hartigan-Wong",27,0.601444727389597,0.492138001901209,123.505133851165,NA,NA,NA,NA,16.1174705188576,2,0,0
"housing_years","sparsified","kmeans",3,21,40093038,50093038,27,28,30,100,"Hartigan-Wong",27,0.565933695409733,0.764731602176877,18.2536910471231,NA,NA,NA,NA,288.758154712191,2,0,0.00999999999999091
"housing_years","original","kmeans",3,22,40093039,50093039,27,7,30,100,"Hartigan-Wong",27,0.601444727389597,0.492138001901209,123.505133851165,NA,NA,NA,NA,16.1174705188576,2,0,0
"housing_years","sparsified","kmeans",3,22,40093039,50093039,27,28,30,100,"Hartigan-Wong",27,0.565933695409733,0.764731602176877,18.2536910471231,NA,NA,NA,NA,288.758154712191,1,0,0.0199999999999818
"housing_years","original","kmeans",3,23,40093040,50093040,27,7,30,100,"Hartigan-Wong",27,0.601444727389597,0.492138001901209,123.505133851165,NA,NA,NA,NA,16.1174705188576,2,0,0
"housing_years","sparsified","kmeans",3,23,40093040,50093040,27,28,30,100,"Hartigan-Wong",27,0.565933695409733,0.764731602176877,18.2536910471231,NA,NA,NA,NA,288.758154712191,1,0,0
"housing_years","original","kmeans",3,24,40093041,50093041,27,7,30,100,"Hartigan-Wong",27,0.601444727389597,0.492138001901209,123.505133851165,NA,NA,NA,NA,16.1174705188576,2,0,0
"housing_years","sparsified","kmeans",3,24,40093041,50093041,27,28,30,100,"Hartigan-Wong",27,0.565933695409733,0.764731602176877,18.2536910471231,NA,NA,NA,NA,288.758154712191,1,0,0
"housing_years","original","kmeans",3,25,40093042,50093042,27,7,30,100,"Hartigan-Wong",27,0.601444727389597,0.492138001901209,123.505133851165,NA,NA,NA,NA,16.1174705188576,2,0,0
"housing_years","sparsified","kmeans",3,25,40093042,50093042,27,28,30,100,"Hartigan-Wong",27,0.565933695409733,0.764731602176877,18.2536910471231,NA,NA,NA,NA,288.758154712191,1,0,0
"housing_years","original","kmeans",3,26,40093043,50093043,27,7,30,100,"Hartigan-Wong",27,0.601444727389597,0.492138001901209,123.505133851165,NA,NA,NA,NA,16.1174705188576,2,0,0
"housing_years","sparsified","kmeans",3,26,40093043,50093043,27,28,30,100,"Hartigan-Wong",27,0.565933695409733,0.764731602176877,18.2536910471231,NA,NA,NA,NA,288.758154712191,2,0,0
"housing_years","original","kmeans",3,27,40093044,50093044,27,7,30,100,"Hartigan-Wong",27,0.601444727389597,0.492138001901209,123.505133851165,NA,NA,NA,NA,16.1174705188576,2,0,0
"housing_years","sparsified","kmeans",3,27,40093044,50093044,27,28,30,100,"Hartigan-Wong",27,0.565933695409733,0.764731602176877,18.2536910471231,NA,NA,NA,NA,288.758154712191,2,0,0.0199999999999818
"housing_years","original","kmeans",3,28,40093045,50093045,27,7,30,100,"Hartigan-Wong",27,0.601444727389597,0.492138001901209,123.505133851165,NA,NA,NA,NA,16.1174705188576,2,0,0
"housing_years","sparsified","kmeans",3,28,40093045,50093045,27,28,30,100,"Hartigan-Wong",27,0.565933695409733,0.764731602176877,18.2536910471231,NA,NA,NA,NA,288.758154712191,1,0,0
"housing_years","original","kmeans",3,29,40093046,50093046,27,7,30,100,"Hartigan-Wong",27,0.601444727389597,0.492138001901209,123.505133851165,NA,NA,NA,NA,16.1174705188576,2,0,0
"housing_years","sparsified","kmeans",3,29,40093046,50093046,27,28,30,100,"Hartigan-Wong",27,0.565933695409733,0.764731602176877,18.2536910471231,NA,NA,NA,NA,288.758154712191,2,0,0
"housing_years","original","kmeans",3,30,40093047,50093047,27,7,30,100,"Hartigan-Wong",27,0.601444727389597,0.492138001901209,123.505133851165,NA,NA,NA,NA,16.1174705188576,2,0,0
"housing_years","sparsified","kmeans",3,30,40093047,50093047,27,28,30,100,"Hartigan-Wong",27,0.565933695409733,0.764731602176877,18.2536910471231,NA,NA,NA,NA,288.758154712191,1,0,0
"housing_years","original","kmeans",4,1,40093118,50093118,27,7,30,100,"Hartigan-Wong",27,0.576943468633088,0.48737560023627,156.242355848672,NA,NA,NA,NA,8.51285250757173,2,0,0
"housing_years","sparsified","kmeans",4,1,40093118,50093118,27,28,30,100,"Hartigan-Wong",27,0.675924163706872,0.550581214556078,39.9853033762001,NA,NA,NA,NA,117.12702178551,2,0,0
"housing_years","original","kmeans",4,2,40093119,50093119,27,7,30,100,"Hartigan-Wong",27,0.576943468633088,0.48737560023627,156.242355848672,NA,NA,NA,NA,8.51285250757173,2,0,0
"housing_years","sparsified","kmeans",4,2,40093119,50093119,27,28,30,100,"Hartigan-Wong",27,0.675924163706872,0.550581214556078,39.9853033762001,NA,NA,NA,NA,117.12702178551,2,0,0.00999999999999091
"housing_years","original","kmeans",4,3,40093120,50093120,27,7,30,100,"Hartigan-Wong",27,0.576943468633088,0.48737560023627,156.242355848672,NA,NA,NA,NA,8.51285250757173,2,0,0
"housing_years","sparsified","kmeans",4,3,40093120,50093120,27,28,30,100,"Hartigan-Wong",27,0.675924163706872,0.550581214556078,39.9853033762001,NA,NA,NA,NA,117.12702178551,2,0,0.0200000000000955
"housing_years","original","kmeans",4,4,40093121,50093121,27,7,30,100,"Hartigan-Wong",27,0.576943468633088,0.48737560023627,156.242355848672,NA,NA,NA,NA,8.51285250757173,2,0,0.0199999999999818
"housing_years","sparsified","kmeans",4,4,40093121,50093121,27,28,30,100,"Hartigan-Wong",27,0.675924163706872,0.550581214556078,39.9853033762001,NA,NA,NA,NA,117.12702178551,3,0,0.00999999999999091
"housing_years","original","kmeans",4,5,40093122,50093122,27,7,30,100,"Hartigan-Wong",27,0.576943468633088,0.48737560023627,156.242355848672,NA,NA,NA,NA,8.51285250757173,2,0,0
"housing_years","sparsified","kmeans",4,5,40093122,50093122,27,28,30,100,"Hartigan-Wong",27,0.675924163706872,0.550581214556078,39.9853033762001,NA,NA,NA,NA,117.12702178551,3,0,0
"housing_years","original","kmeans",4,6,40093123,50093123,27,7,30,100,"Hartigan-Wong",27,0.576943468633088,0.48737560023627,156.242355848672,NA,NA,NA,NA,8.51285250757173,2,0,0
"housing_years","sparsified","kmeans",4,6,40093123,50093123,27,28,30,100,"Hartigan-Wong",27,0.675924163706872,0.550581214556078,39.9853033762001,NA,NA,NA,NA,117.12702178551,2,0,0
"housing_years","original","kmeans",4,7,40093124,50093124,27,7,30,100,"Hartigan-Wong",27,0.576943468633088,0.48737560023627,156.242355848672,NA,NA,NA,NA,8.51285250757173,2,0,0
"housing_years","sparsified","kmeans",4,7,40093124,50093124,27,28,30,100,"Hartigan-Wong",27,0.675924163706872,0.550581214556078,39.9853033762001,NA,NA,NA,NA,117.12702178551,4,0,0
"housing_years","original","kmeans",4,8,40093125,50093125,27,7,30,100,"Hartigan-Wong",27,0.576943468633088,0.48737560023627,156.242355848672,NA,NA,NA,NA,8.51285250757173,2,0,0
"housing_years","sparsified","kmeans",4,8,40093125,50093125,27,28,30,100,"Hartigan-Wong",27,0.675924163706872,0.550581214556078,39.9853033762001,NA,NA,NA,NA,117.12702178551,2,0,0
"housing_years","original","kmeans",4,9,40093126,50093126,27,7,30,100,"Hartigan-Wong",27,0.576943468633088,0.48737560023627,156.242355848672,NA,NA,NA,NA,8.51285250757173,2,0,0.0199999999999818
"housing_years","sparsified","kmeans",4,9,40093126,50093126,27,28,30,100,"Hartigan-Wong",27,0.675924163706872,0.550581214556078,39.9853033762001,NA,NA,NA,NA,117.12702178551,3,0,0
"housing_years","original","kmeans",4,10,40093127,50093127,27,7,30,100,"Hartigan-Wong",27,0.576943468633088,0.48737560023627,156.242355848672,NA,NA,NA,NA,8.51285250757173,2,0,0
"housing_years","sparsified","kmeans",4,10,40093127,50093127,27,28,30,100,"Hartigan-Wong",27,0.675924163706872,0.550581214556078,39.9853033762001,NA,NA,NA,NA,117.12702178551,1,0,0
"housing_years","original","kmeans",4,11,40093128,50093128,27,7,30,100,"Hartigan-Wong",27,0.576943468633088,0.48737560023627,156.242355848672,NA,NA,NA,NA,8.51285250757173,2,0,0
"housing_years","sparsified","kmeans",4,11,40093128,50093128,27,28,30,100,"Hartigan-Wong",27,0.675924163706872,0.550581214556078,39.9853033762001,NA,NA,NA,NA,117.12702178551,3,0,0
"housing_years","original","kmeans",4,12,40093129,50093129,27,7,30,100,"Hartigan-Wong",27,0.576943468633088,0.48737560023627,156.242355848672,NA,NA,NA,NA,8.51285250757173,2,0,0
"housing_years","sparsified","kmeans",4,12,40093129,50093129,27,28,30,100,"Hartigan-Wong",27,0.675924163706872,0.550581214556078,39.9853033762001,NA,NA,NA,NA,117.12702178551,2,0,0
"housing_years","original","kmeans",4,13,40093130,50093130,27,7,30,100,"Hartigan-Wong",27,0.576943468633088,0.48737560023627,156.242355848672,NA,NA,NA,NA,8.51285250757173,2,0,0
"housing_years","sparsified","kmeans",4,13,40093130,50093130,27,28,30,100,"Hartigan-Wong",27,0.675924163706872,0.550581214556078,39.9853033762001,NA,NA,NA,NA,117.12702178551,3,0,0
"housing_years","original","kmeans",4,14,40093131,50093131,27,7,30,100,"Hartigan-Wong",27,0.576943468633088,0.48737560023627,156.242355848672,NA,NA,NA,NA,8.51285250757173,2,0,0
"housing_years","sparsified","kmeans",4,14,40093131,50093131,27,28,30,100,"Hartigan-Wong",27,0.675924163706872,0.550581214556078,39.9853033762001,NA,NA,NA,NA,117.12702178551,3,0,0
"housing_years","original","kmeans",4,15,40093132,50093132,27,7,30,100,"Hartigan-Wong",27,0.576943468633088,0.48737560023627,156.242355848672,NA,NA,NA,NA,8.51285250757173,2,0,0
"housing_years","sparsified","kmeans",4,15,40093132,50093132,27,28,30,100,"Hartigan-Wong",27,0.675924163706872,0.550581214556078,39.9853033762001,NA,NA,NA,NA,117.12702178551,3,0,0.00999999999999091
"housing_years","original","kmeans",4,16,40093133,50093133,27,7,30,100,"Hartigan-Wong",27,0.576943468633088,0.48737560023627,156.242355848672,NA,NA,NA,NA,8.51285250757173,3,0,0
"housing_years","sparsified","kmeans",4,16,40093133,50093133,27,28,30,100,"Hartigan-Wong",27,0.675924163706872,0.550581214556078,39.9853033762001,NA,NA,NA,NA,117.12702178551,1,0,0
"housing_years","original","kmeans",4,17,40093134,50093134,27,7,30,100,"Hartigan-Wong",27,0.576943468633088,0.48737560023627,156.242355848672,NA,NA,NA,NA,8.51285250757173,3,0,0
"housing_years","sparsified","kmeans",4,17,40093134,50093134,27,28,30,100,"Hartigan-Wong",27,0.675924163706872,0.550581214556078,39.9853033762001,NA,NA,NA,NA,117.12702178551,3,0,0
"housing_years","original","kmeans",4,18,40093135,50093135,27,7,30,100,"Hartigan-Wong",27,0.576943468633088,0.48737560023627,156.242355848672,NA,NA,NA,NA,8.51285250757173,2,0,0
"housing_years","sparsified","kmeans",4,18,40093135,50093135,27,28,30,100,"Hartigan-Wong",27,0.675924163706872,0.550581214556078,39.9853033762001,NA,NA,NA,NA,117.12702178551,2,0,0
"housing_years","original","kmeans",4,19,40093136,50093136,27,7,30,100,"Hartigan-Wong",27,0.576943468633088,0.48737560023627,156.242355848672,NA,NA,NA,NA,8.51285250757173,2,0,0.0199999999999818
"housing_years","sparsified","kmeans",4,19,40093136,50093136,27,28,30,100,"Hartigan-Wong",27,0.675924163706872,0.550581214556078,39.9853033762001,NA,NA,NA,NA,117.12702178551,3,0,0
"housing_years","original","kmeans",4,20,40093137,50093137,27,7,30,100,"Hartigan-Wong",27,0.576943468633088,0.48737560023627,156.242355848672,NA,NA,NA,NA,8.51285250757173,2,0,0
"housing_years","sparsified","kmeans",4,20,40093137,50093137,27,28,30,100,"Hartigan-Wong",27,0.675924163706872,0.550581214556078,39.9853033762001,NA,NA,NA,NA,117.12702178551,2,0,0
"housing_years","original","kmeans",4,21,40093138,50093138,27,7,30,100,"Hartigan-Wong",27,0.576943468633088,0.48737560023627,156.242355848672,NA,NA,NA,NA,8.51285250757173,2,0,0
"housing_years","sparsified","kmeans",4,21,40093138,50093138,27,28,30,100,"Hartigan-Wong",27,0.675924163706872,0.550581214556078,39.9853033762001,NA,NA,NA,NA,117.12702178551,3,0,0.0199999999999818
"housing_years","original","kmeans",4,22,40093139,50093139,27,7,30,100,"Hartigan-Wong",27,0.576943468633088,0.48737560023627,156.242355848672,NA,NA,NA,NA,8.51285250757173,2,0,0
"housing_years","sparsified","kmeans",4,22,40093139,50093139,27,28,30,100,"Hartigan-Wong",27,0.675924163706872,0.550581214556078,39.9853033762001,NA,NA,NA,NA,117.12702178551,2,0,0.0199999999999818
"housing_years","original","kmeans",4,23,40093140,50093140,27,7,30,100,"Hartigan-Wong",27,0.576943468633088,0.48737560023627,156.242355848672,NA,NA,NA,NA,8.51285250757173,2,0,0.00999999999999091
"housing_years","sparsified","kmeans",4,23,40093140,50093140,27,28,30,100,"Hartigan-Wong",27,0.675924163706872,0.550581214556078,39.9853033762001,NA,NA,NA,NA,117.12702178551,3,0,0
"housing_years","original","kmeans",4,24,40093141,50093141,27,7,30,100,"Hartigan-Wong",27,0.576943468633088,0.48737560023627,156.242355848672,NA,NA,NA,NA,8.51285250757173,2,0,0
"housing_years","sparsified","kmeans",4,24,40093141,50093141,27,28,30,100,"Hartigan-Wong",27,0.675924163706872,0.550581214556078,39.9853033762001,NA,NA,NA,NA,117.12702178551,3,0,0
"housing_years","original","kmeans",4,25,40093142,50093142,27,7,30,100,"Hartigan-Wong",27,0.576943468633088,0.48737560023627,156.242355848672,NA,NA,NA,NA,8.51285250757173,1,0,0
"housing_years","sparsified","kmeans",4,25,40093142,50093142,27,28,30,100,"Hartigan-Wong",27,0.675924163706872,0.550581214556078,39.9853033762001,NA,NA,NA,NA,117.12702178551,2,0,0
"housing_years","original","kmeans",4,26,40093143,50093143,27,7,30,100,"Hartigan-Wong",27,0.576943468633088,0.48737560023627,156.242355848672,NA,NA,NA,NA,8.51285250757173,2,0,0
"housing_years","sparsified","kmeans",4,26,40093143,50093143,27,28,30,100,"Hartigan-Wong",27,0.675924163706872,0.550581214556078,39.9853033762001,NA,NA,NA,NA,117.12702178551,2,0,0
"housing_years","original","kmeans",4,27,40093144,50093144,27,7,30,100,"Hartigan-Wong",27,0.576943468633088,0.48737560023627,156.242355848672,NA,NA,NA,NA,8.51285250757173,2,0,0
"housing_years","sparsified","kmeans",4,27,40093144,50093144,27,28,30,100,"Hartigan-Wong",27,0.675924163706872,0.550581214556078,39.9853033762001,NA,NA,NA,NA,117.12702178551,3,0,0
"housing_years","original","kmeans",4,28,40093145,50093145,27,7,30,100,"Hartigan-Wong",27,0.576943468633088,0.48737560023627,156.242355848672,NA,NA,NA,NA,8.51285250757173,2,0,0
"housing_years","sparsified","kmeans",4,28,40093145,50093145,27,28,30,100,"Hartigan-Wong",27,0.675924163706872,0.550581214556078,39.9853033762001,NA,NA,NA,NA,117.12702178551,3,0,0.0199999999999818
"housing_years","original","kmeans",4,29,40093146,50093146,27,7,30,100,"Hartigan-Wong",27,0.576943468633088,0.48737560023627,156.242355848672,NA,NA,NA,NA,8.51285250757173,3,0,0.0199999999999818
"housing_years","sparsified","kmeans",4,29,40093146,50093146,27,28,30,100,"Hartigan-Wong",27,0.675924163706872,0.550581214556078,39.9853033762001,NA,NA,NA,NA,117.12702178551,2,0,0.0199999999999818
"housing_years","original","kmeans",4,30,40093147,50093147,27,7,30,100,"Hartigan-Wong",27,0.576943468633088,0.48737560023627,156.242355848672,NA,NA,NA,NA,8.51285250757173,2,0,0
"housing_years","sparsified","kmeans",4,30,40093147,50093147,27,28,30,100,"Hartigan-Wong",27,0.675924163706872,0.550581214556078,39.9853033762001,NA,NA,NA,NA,117.12702178551,2,0,0
"housing_years","original","kmeans",5,1,40093218,50093218,27,7,30,100,"Hartigan-Wong",27,0.546225339865974,0.494034117400764,175.569160311793,NA,NA,NA,NA,5.52827438022203,2,0,0
"housing_years","sparsified","kmeans",5,1,40093218,50093218,27,28,30,100,"Hartigan-Wong",27,0.658013394766086,0.525223348093539,67.0076267961743,NA,NA,NA,NA,55.2217770312028,2,0,0
"housing_years","original","kmeans",5,2,40093219,50093219,27,7,30,100,"Hartigan-Wong",27,0.546225339865974,0.494034117400764,175.569160311793,NA,NA,NA,NA,5.52827438022203,2,0,0
"housing_years","sparsified","kmeans",5,2,40093219,50093219,27,28,30,100,"Hartigan-Wong",27,0.658013394766086,0.525223348093539,67.0076267961743,NA,NA,NA,NA,55.2217770312028,3,0,0
"housing_years","original","kmeans",5,3,40093220,50093220,27,7,30,100,"Hartigan-Wong",27,0.546225339865974,0.494034117400764,175.569160311793,NA,NA,NA,NA,5.52827438022203,2,0,0
"housing_years","sparsified","kmeans",5,3,40093220,50093220,27,28,30,100,"Hartigan-Wong",27,0.658013394766086,0.525223348093539,67.0076267961743,NA,NA,NA,NA,55.2217770312028,2,0,0.0199999999999818
"housing_years","original","kmeans",5,4,40093221,50093221,27,7,30,100,"Hartigan-Wong",27,0.546225339865974,0.494034117400764,175.569160311793,NA,NA,NA,NA,5.52827438022203,2,0,0.00999999999999091
"housing_years","sparsified","kmeans",5,4,40093221,50093221,27,28,30,100,"Hartigan-Wong",27,0.658013394766086,0.525223348093539,67.0076267961743,NA,NA,NA,NA,55.2217770312028,4,0,0
"housing_years","original","kmeans",5,5,40093222,50093222,27,7,30,100,"Hartigan-Wong",27,0.546225339865974,0.494034117400764,175.569160311793,NA,NA,NA,NA,5.52827438022203,2,0,0
"housing_years","sparsified","kmeans",5,5,40093222,50093222,27,28,30,100,"Hartigan-Wong",27,0.658013394766086,0.525223348093539,67.0076267961743,NA,NA,NA,NA,55.2217770312028,3,0,0
"housing_years","original","kmeans",5,6,40093223,50093223,27,7,30,100,"Hartigan-Wong",27,0.546225339865974,0.494034117400764,175.569160311793,NA,NA,NA,NA,5.52827438022203,2,0,0.00999999999999091
"housing_years","sparsified","kmeans",5,6,40093223,50093223,27,28,30,100,"Hartigan-Wong",27,0.658013394766086,0.525223348093539,67.0076267961743,NA,NA,NA,NA,55.2217770312028,2,0,0
"housing_years","original","kmeans",5,7,40093224,50093224,27,7,30,100,"Hartigan-Wong",27,0.546225339865974,0.494034117400764,175.569160311793,NA,NA,NA,NA,5.52827438022203,2,0,0
"housing_years","sparsified","kmeans",5,7,40093224,50093224,27,28,30,100,"Hartigan-Wong",27,0.658013394766086,0.525223348093539,67.0076267961743,NA,NA,NA,NA,55.2217770312028,2,0,0
"housing_years","original","kmeans",5,8,40093225,50093225,27,7,30,100,"Hartigan-Wong",27,0.546225339865974,0.494034117400764,175.569160311793,NA,NA,NA,NA,5.52827438022203,2,0,0
"housing_years","sparsified","kmeans",5,8,40093225,50093225,27,28,30,100,"Hartigan-Wong",27,0.658013394766086,0.525223348093539,67.0076267961743,NA,NA,NA,NA,55.2217770312028,3,0,0
"housing_years","original","kmeans",5,9,40093226,50093226,27,7,30,100,"Hartigan-Wong",27,0.546225339865974,0.494034117400764,175.569160311793,NA,NA,NA,NA,5.52827438022203,2,0,0
"housing_years","sparsified","kmeans",5,9,40093226,50093226,27,28,30,100,"Hartigan-Wong",27,0.658013394766086,0.525223348093539,67.0076267961743,NA,NA,NA,NA,55.2217770312028,3,0,0
"housing_years","original","kmeans",5,10,40093227,50093227,27,7,30,100,"Hartigan-Wong",27,0.546225339865974,0.494034117400764,175.569160311793,NA,NA,NA,NA,5.52827438022203,2,0,0
"housing_years","sparsified","kmeans",5,10,40093227,50093227,27,28,30,100,"Hartigan-Wong",27,0.658013394766086,0.525223348093539,67.0076267961743,NA,NA,NA,NA,55.2217770312028,2,0,0
"housing_years","original","kmeans",5,11,40093228,50093228,27,7,30,100,"Hartigan-Wong",27,0.546225339865974,0.494034117400764,175.569160311793,NA,NA,NA,NA,5.52827438022203,2,0,0
"housing_years","sparsified","kmeans",5,11,40093228,50093228,27,28,30,100,"Hartigan-Wong",27,0.658013394766086,0.525223348093539,67.0076267961743,NA,NA,NA,NA,55.2217770312028,3,0,0.00999999999999091
"housing_years","original","kmeans",5,12,40093229,50093229,27,7,30,100,"Hartigan-Wong",27,0.546225339865974,0.494034117400764,175.569160311793,NA,NA,NA,NA,5.52827438022203,2,0,0
"housing_years","sparsified","kmeans",5,12,40093229,50093229,27,28,30,100,"Hartigan-Wong",27,0.658013394766086,0.525223348093539,67.0076267961743,NA,NA,NA,NA,55.2217770312028,2,0,0
"housing_years","original","kmeans",5,13,40093230,50093230,27,7,30,100,"Hartigan-Wong",27,0.546225339865974,0.494034117400764,175.569160311793,NA,NA,NA,NA,5.52827438022203,2,0,0
"housing_years","sparsified","kmeans",5,13,40093230,50093230,27,28,30,100,"Hartigan-Wong",27,0.658013394766086,0.525223348093539,67.0076267961743,NA,NA,NA,NA,55.2217770312028,2,0,0
"housing_years","original","kmeans",5,14,40093231,50093231,27,7,30,100,"Hartigan-Wong",27,0.546225339865974,0.494034117400764,175.569160311793,NA,NA,NA,NA,5.52827438022203,2,0,0
"housing_years","sparsified","kmeans",5,14,40093231,50093231,27,28,30,100,"Hartigan-Wong",27,0.658013394766086,0.525223348093539,67.0076267961743,NA,NA,NA,NA,55.2217770312028,2,0,0
"housing_years","original","kmeans",5,15,40093232,50093232,27,7,30,100,"Hartigan-Wong",27,0.546225339865974,0.494034117400764,175.569160311793,NA,NA,NA,NA,5.52827438022203,1,0,0
"housing_years","sparsified","kmeans",5,15,40093232,50093232,27,28,30,100,"Hartigan-Wong",27,0.658013394766086,0.525223348093539,67.0076267961743,NA,NA,NA,NA,55.2217770312028,2,0,0
"housing_years","original","kmeans",5,16,40093233,50093233,27,7,30,100,"Hartigan-Wong",27,0.546225339865974,0.494034117400764,175.569160311793,NA,NA,NA,NA,5.52827438022203,2,0,0
"housing_years","sparsified","kmeans",5,16,40093233,50093233,27,28,30,100,"Hartigan-Wong",27,0.658013394766086,0.525223348093539,67.0076267961743,NA,NA,NA,NA,55.2217770312028,2,0,0
"housing_years","original","kmeans",5,17,40093234,50093234,27,7,30,100,"Hartigan-Wong",27,0.546225339865974,0.494034117400764,175.569160311793,NA,NA,NA,NA,5.52827438022203,2,0,0
"housing_years","sparsified","kmeans",5,17,40093234,50093234,27,28,30,100,"Hartigan-Wong",27,0.658013394766086,0.525223348093539,67.0076267961743,NA,NA,NA,NA,55.2217770312028,3,0,0.0199999999999818
"housing_years","original","kmeans",5,18,40093235,50093235,27,7,30,100,"Hartigan-Wong",27,0.546225339865974,0.494034117400764,175.569160311793,NA,NA,NA,NA,5.52827438022203,2,0,0.0199999999999818
"housing_years","sparsified","kmeans",5,18,40093235,50093235,27,28,30,100,"Hartigan-Wong",27,0.658013394766086,0.525223348093539,67.0076267961743,NA,NA,NA,NA,55.2217770312028,3,0,0
"housing_years","original","kmeans",5,19,40093236,50093236,27,7,30,100,"Hartigan-Wong",27,0.546225339865974,0.494034117400764,175.569160311793,NA,NA,NA,NA,5.52827438022203,3,0,0
"housing_years","sparsified","kmeans",5,19,40093236,50093236,27,28,30,100,"Hartigan-Wong",27,0.658013394766086,0.525223348093539,67.0076267961743,NA,NA,NA,NA,55.2217770312028,4,0,0.0100000000001046
"housing_years","original","kmeans",5,20,40093237,50093237,27,7,30,100,"Hartigan-Wong",27,0.546225339865974,0.494034117400764,175.569160311793,NA,NA,NA,NA,5.52827438022203,2,0,0
"housing_years","sparsified","kmeans",5,20,40093237,50093237,27,28,30,100,"Hartigan-Wong",27,0.658013394766086,0.525223348093539,67.0076267961743,NA,NA,NA,NA,55.2217770312028,3,0,0
"housing_years","original","kmeans",5,21,40093238,50093238,27,7,30,100,"Hartigan-Wong",27,0.546225339865974,0.494034117400764,175.569160311793,NA,NA,NA,NA,5.52827438022203,2,0,0
"housing_years","sparsified","kmeans",5,21,40093238,50093238,27,28,30,100,"Hartigan-Wong",27,0.658013394766086,0.525223348093539,67.0076267961743,NA,NA,NA,NA,55.2217770312028,3,0,0
"housing_years","original","kmeans",5,22,40093239,50093239,27,7,30,100,"Hartigan-Wong",27,0.546225339865974,0.494034117400764,175.569160311793,NA,NA,NA,NA,5.52827438022203,2,0,0.00999999999999091
"housing_years","sparsified","kmeans",5,22,40093239,50093239,27,28,30,100,"Hartigan-Wong",27,0.658013394766086,0.525223348093539,67.0076267961743,NA,NA,NA,NA,55.2217770312028,3,0,0
"housing_years","original","kmeans",5,23,40093240,50093240,27,7,30,100,"Hartigan-Wong",27,0.546225339865974,0.494034117400764,175.569160311793,NA,NA,NA,NA,5.52827438022203,2,0,0
"housing_years","sparsified","kmeans",5,23,40093240,50093240,27,28,30,100,"Hartigan-Wong",27,0.658013394766086,0.525223348093539,67.0076267961743,NA,NA,NA,NA,55.2217770312028,3,0,0
"housing_years","original","kmeans",5,24,40093241,50093241,27,7,30,100,"Hartigan-Wong",27,0.546225339865974,0.494034117400764,175.569160311793,NA,NA,NA,NA,5.52827438022203,2,0,0
"housing_years","sparsified","kmeans",5,24,40093241,50093241,27,28,30,100,"Hartigan-Wong",27,0.658013394766086,0.525223348093539,67.0076267961743,NA,NA,NA,NA,55.2217770312028,3,0,0
"housing_years","original","kmeans",5,25,40093242,50093242,27,7,30,100,"Hartigan-Wong",27,0.546225339865974,0.494034117400764,175.569160311793,NA,NA,NA,NA,5.52827438022203,2,0,0
"housing_years","sparsified","kmeans",5,25,40093242,50093242,27,28,30,100,"Hartigan-Wong",27,0.658013394766086,0.525223348093539,67.0076267961743,NA,NA,NA,NA,55.2217770312028,1,0,0
"housing_years","original","kmeans",5,26,40093243,50093243,27,7,30,100,"Hartigan-Wong",27,0.546225339865974,0.494034117400764,175.569160311793,NA,NA,NA,NA,5.52827438022203,2,0,0
"housing_years","sparsified","kmeans",5,26,40093243,50093243,27,28,30,100,"Hartigan-Wong",27,0.658013394766086,0.525223348093539,67.0076267961743,NA,NA,NA,NA,55.2217770312028,2,0,0.0199999999999818
"housing_years","original","kmeans",5,27,40093244,50093244,27,7,30,100,"Hartigan-Wong",27,0.546225339865974,0.494034117400764,175.569160311793,NA,NA,NA,NA,5.52827438022203,2,0,0
"housing_years","sparsified","kmeans",5,27,40093244,50093244,27,28,30,100,"Hartigan-Wong",27,0.658013394766086,0.525223348093539,67.0076267961743,NA,NA,NA,NA,55.2217770312028,2,0,0
"housing_years","original","kmeans",5,28,40093245,50093245,27,7,30,100,"Hartigan-Wong",27,0.528379047693831,0.514968572242348,169.079498403083,NA,NA,NA,NA,5.73377750054483,2,0,0
"housing_years","sparsified","kmeans",5,28,40093245,50093245,27,28,30,100,"Hartigan-Wong",27,0.658013394766086,0.525223348093539,67.0076267961743,NA,NA,NA,NA,55.2217770312028,3,0,0
"housing_years","original","kmeans",5,29,40093246,50093246,27,7,30,100,"Hartigan-Wong",27,0.546225339865974,0.494034117400764,175.569160311793,NA,NA,NA,NA,5.52827438022203,2,0,0
"housing_years","sparsified","kmeans",5,29,40093246,50093246,27,28,30,100,"Hartigan-Wong",27,0.658013394766086,0.525223348093539,67.0076267961743,NA,NA,NA,NA,55.2217770312028,3,0,0
"housing_years","original","kmeans",5,30,40093247,50093247,27,7,30,100,"Hartigan-Wong",27,0.546225339865974,0.494034117400764,175.569160311793,NA,NA,NA,NA,5.52827438022203,2,0,0
"housing_years","sparsified","kmeans",5,30,40093247,50093247,27,28,30,100,"Hartigan-Wong",27,0.658013394766086,0.525223348093539,67.0076267961743,NA,NA,NA,NA,55.2217770312028,3,0,0
